{
    "https://040cafe602.up.edu.br/idp/shibboleth": {
        "en": "UP - Universidade Positivo",
        "pt-br": "UP - Universidade Positivo"
    },
    "https://1010se17fam-v18.famerp.br/idp/shibboleth": {
        "en": "FAMERP - Faculdade de Medicina de Rio Preto",
        "pt-br": "FAMERP - Faculdade de Medicina de Rio Preto"
    },
    "https://acesso.ufabc.edu.br/idp/shibboleth": {
        "en": "UFABC - Universidade Federal do ABC",
        "pt-br": "UFABC - Universidade Federal do ABC"
    },
    "https://aclxpcafe.accamargo.org.br/idp/shibboleth": {
        "en": "ACCAMARGO - AC Camargo Cancer Center",
        "pt-br": "ACCAMARGO - AC Camargo Cancer Center"
    },
    "https://araripe.uece.br/idp/shibboleth": {
        "en": "UECE - Universidade Estadual do Ceara",
        "pt-br": "UECE - Universidade Estadual do Ceara"
    },
    "https://azor.ufpe.br/idp/shibboleth": {
        "en": "UFPE - Universidade Federal de Pernambuco",
        "pt-br": "UFPE - Universidade Federal de Pernambuco"
    },
    "https://barista2.pucsp.br/idp/shibboleth": {
        "en": "PUCSP - Pontificia Universidade Catolica de Sao Paulo",
        "pt-br": "PUCSP - Pontificia Universidade Catolica de Sao Paulo"
    },
    "https://cafe-01.uffs.edu.br/idp/shibboleth": {
        "en": "UFFS - Universidade Federal da Fronteira Sul",
        "pt-br": "UFFS - Universidade Federal da Fronteira Sul"
    },
    "https://cafe-idp.ifnmg.edu.br/idp/shibboleth": {
        "en": "IFNMG - Instituto Federal do Norte de Minas Gerais",
        "pt-br": "IFNMG - Instituto Federal do Norte de Minas Gerais"
    },
    "https://cafe-idp.ufc.br/idp/shibboleth": {
        "en": "UFC - Universidade Federal do Ceara",
        "pt-br": "UFC - Universidade Federal do Ceara"
    },
    "https://cafe-idp.ufrrj.br/idp/shibboleth": {
        "en": "UFRRJ - Universidade Federal Rural do Rio de Janeiro",
        "pt-br": "UFRRJ - Universidade Federal Rural do Rio de Janeiro"
    },
    "https://cafe-idp.unicentro.br/idp/shibboleth": {
        "en": "UNICENTRO - Universidade Estadual do Centro-Oeste",
        "pt-br": "UNICENTRO - Universidade Estadual do Centro-Oeste"
    },
    "https://cafe-idp.unirio.br/idp/shibboleth": {
        "en": "UNIRIO - Universidade Federal do Estado do Rio de Janeiro",
        "pt-br": "UNIRIO - Universidade Federal do Estado do Rio de Janeiro"
    },
    "https://cafe-idp.unisantos.br/idp/shibboleth": {
        "en": "UNISANTOS - Universidade Catolica de Santos",
        "pt-br": "UNISANTOS - Universidade Catolica de Santos"
    },
    "https://cafe-school.cesar.org.br/idp/shibboleth": {
        "en": "CESAR - Centro de Estudos e Sistemas Avancados do Recife",
        "pt-br": "CESAR - Centro de Estudos e Sistemas Avancados do Recife"
    },
    "https://cafe-v3.upf.br/idp/shibboleth": {
        "en": "UPF - Universidade de Passo Fundo",
        "pt-br": "UPF - Universidade de Passo Fundo"
    },
    "https://cafe.apps.uern.br/idp/shibboleth": {
        "en": "UERN - Universidade do Estado do Rio Grande do Norte",
        "pt-br": "UERN - Universidade do Estado do Rio Grande do Norte"
    },
    "https://cafe.cbpf.br/idp/shibboleth": {
        "en": "CBPF - Centro Brasileiro de Pesquisas Fisicas",
        "pt-br": "CBPF - Centro Brasileiro de Pesquisas Fisicas"
    },
    "https://cafe.cefet-rj.br/idp/shibboleth": {
        "en": "CEFET-RJ - Centro Fed. Educ. Tecnol. Celso S. Fonseca",
        "pt-br": "CEFET-RJ - Centro Fed. Educ. Tecnol. Celso S. Fonseca"
    },
    "https://cafe.cnpq.br/idp/shibboleth": {
        "en": "CNPQ - Conselho Nacional de Desenvolvimento Cientifico e Tecnologico",
        "pt-br": "CNPQ - Conselho Nacional de Desenvolvimento Cientifico e Tecnologico"
    },
    "https://cafe.cpqd.com.br/idp/shibboleth": {
        "en": "CPQD - Centro de Pesquisa e Desenvolvimento em Telecomunicacoes",
        "pt-br": "CPQD - Centro de Pesquisa e Desenvolvimento em Telecomunicacoes"
    },
    "https://cafe.cruzeirodosul.edu.br/idp/shibboleth": {
        "en": "UNICSUL - Universidade Cruzeiro do Sul",
        "pt-br": "UNICSUL - Universidade Cruzeiro do Sul"
    },
    "https://cafe.direitofranca.br/idp/shibboleth": {
        "en": "FDF - Faculdade de Direito de Franca",
        "pt-br": "FDF - Faculdade de Direito de Franca"
    },
    "https://cafe.eldorado.org.br/idp/shibboleth": {
        "en": "IPE - Instituto de Pesquisas Eldorado",
        "pt-br": "IPE - Instituto de Pesquisas Eldorado"
    },
    "https://cafe.esg.br/idp/shibboleth": {
        "en": "ESG - Escola Superior de Guerra",
        "pt-br": "ESG - Escola Superior de Guerra"
    },
    "https://cafe.espm.br/idp/shibboleth": {
        "en": "ESPM - Escola Superior de Propaganda e Marketing",
        "pt-br": "ESPM - Escola Superior de Propaganda e Marketing"
    },
    "https://cafe.fmc-campos.com.br/idp/shibboleth": {
        "en": "FMC - Faculdade de Medicina de Campos",
        "pt-br": "FMC - Faculdade de Medicina de Campos"
    },
    "https://cafe.fucape.br/idp/shibboleth": {
        "en": "FUCAPE - Fundacao Instituto Capixaba de Pesquisa em Cont. Econ. e Financas",
        "pt-br": "FUCAPE - Fundacao Instituto Capixaba de Pesquisa em Cont. Econ. e Financas"
    },
    "https://cafe.fumec.br/idp/shibboleth": {
        "en": "FUMEC - Fundacao Mineira de Educacao e Cultura",
        "pt-br": "FUMEC - Fundacao Mineira de Educacao e Cultura"
    },
    "https://cafe.funesa.se.gov.br/idp/shibboleth": {
        "en": "FUNESA - Fundacao Estadual de Saude",
        "pt-br": "FUNESA - Fundacao Estadual de Saude"
    },
    "https://cafe.furg.br/idp/shibboleth": {
        "en": "FURG - Universidade Federal do Rio Grande",
        "pt-br": "FURG - Universidade Federal do Rio Grande"
    },
    "https://cafe.ibict.br/idp/shibboleth": {
        "en": "IBICT - Inst. Brasileiro de Info. em Ciencia e Tecnologia",
        "pt-br": "IBICT - Inst. Brasileiro de Info. em Ciencia e Tecnologia"
    },
    "https://cafe.idp.edu.br/idp/shibboleth": {
        "en": "IDP - Instituto Brasileiro de Ensino, Desenvolvimento e Pesquisa de Brasilia",
        "pt-br": "IDP - Instituto Brasileiro de Ensino, Desenvolvimento e Pesquisa de Brasilia"
    },
    "https://cafe.iec.gov.br/idp/shibboleth": {
        "en": "IEC - Instituto Evandro Chagas",
        "pt-br": "IEC - Instituto Evandro Chagas"
    },
    "https://cafe.ien.gov.br/idp/shibboleth": {
        "en": "IEN - Instituto de Engenharia Nuclear",
        "pt-br": "IEN - Instituto de Engenharia Nuclear"
    },
    "https://cafe.ifb.edu.br/idp/shibboleth": {
        "en": "IFB - Instituto Federal de Brasilia",
        "pt-br": "IFB - Instituto Federal de Brasilia"
    },
    "https://cafe.ifma.edu.br/idp/shibboleth": {
        "en": "IFMA - Instituto Federal do Maranhao",
        "pt-br": "IFMA - Instituto Federal do Maranhao"
    },
    "https://cafe.ifms.edu.br/idp/shibboleth": {
        "en": "IFMS - Instituto Federal de Mato Grosso do Sul",
        "pt-br": "IFMS - Instituto Federal de Mato Grosso do Sul"
    },
    "https://cafe.ifpb.edu.br/idp/shibboleth": {
        "en": "IFPB - Instituto Federal de Educacao da Paraiba",
        "pt-br": "IFPB - Instituto Federal de Educacao da Paraiba"
    },
    "https://cafe.ifpr.edu.br/idp/shibboleth": {
        "en": "IFPR - Instituto Federal do Parana",
        "pt-br": "IFPR - Instituto Federal do Parana"
    },
    "https://cafe.ifrj.edu.br/idp/shibboleth": {
        "en": "IFRJ - Instituto Federal de Educacao do Rio de Janeiro",
        "pt-br": "IFRJ - Instituto Federal de Educacao do Rio de Janeiro"
    },
    "https://cafe.ifro.edu.br/idp/shibboleth": {
        "en": "IFRO - Instituto Federal de Rondonia",
        "pt-br": "IFRO - Instituto Federal de Rondonia"
    },
    "https://cafe.ifrs.edu.br/idp/shibboleth": {
        "en": "IFRS - Instituto Federal de Educacao Ciencia e Tecnologia do Rio Grande do Sul",
        "pt-br": "IFRS - Instituto Federal de Educacao Ciencia e Tecnologia do Rio Grande do Sul"
    },
    "https://cafe.ifto.edu.br/idp/shibboleth": {
        "en": "IFTO - Instituto Federal do Tocantins",
        "pt-br": "IFTO - Instituto Federal do Tocantins"
    },
    "https://cafe.ime.eb.br/idp/shibboleth": {
        "en": "IME - Instituto Militar de Engenharia",
        "pt-br": "IME - Instituto Militar de Engenharia"
    },
    "https://cafe.inc.saude.gov.br/idp/shibboleth": {
        "en": "INC - Instituto Nacional de Cardiologia",
        "pt-br": "INC - Instituto Nacional de Cardiologia"
    },
    "https://cafe.ipa.br/idp/shibboleth": {
        "en": "IPA - Instituto Agronomico de Pernambuco",
        "pt-br": "IPA - Instituto Agronomico de Pernambuco"
    },
    "https://cafe.itaipuparquetec.org.br/idp/shibboleth": {
        "en": "FPTI - Fundacao Parque Tecnologico Itaipu",
        "pt-br": "FPTI - Fundacao Parque Tecnologico Itaipu"
    },
    "https://cafe.itep.br/idp/shibboleth": {
        "en": "ITEP - Instituto de Tecnologia de Pernambuco",
        "pt-br": "ITEP - Instituto de Tecnologia de Pernambuco"
    },
    "https://cafe.itvds.org/idp/shibboleth": {
        "en": "ITV - Instituto Tecnologico Vale",
        "pt-br": "ITV - Instituto Tecnologico Vale"
    },
    "https://cafe.mamiraua.org.br/idp/shibboleth": {
        "en": "IDSM - Instituto de Desenvolvimento Sutentavel Mamiraua",
        "pt-br": "IDSM - Instituto de Desenvolvimento Sutentavel Mamiraua"
    },
    "https://cafe.prefeitura.sp.gov.br/idp/shibboleth": {
        "en": "SMS - Secretaria Municipal da Saude - SP",
        "pt-br": "SMS - Secretaria Municipal da Saude - SP"
    },
    "https://cafe.pucgoias.edu.br/idp/shibboleth": {
        "en": "PUCGOIAS - Pontificia Universidade Catolica de Goias",
        "pt-br": "PUCGOIAS - Pontificia Universidade Catolica de Goias"
    },
    "https://cafe.pucminas.br/idp/shibboleth": {
        "en": "PUC MINAS - pontificia Universidade Catolica de Minas Gerais",
        "pt-br": "PUC MINAS - pontificia Universidade Catolica de Minas Gerais"
    },
    "https://cafe.pucpr.br/idp/shibboleth": {
        "en": "PUCPR - Pontificia Universidade Catolica do Parana",
        "pt-br": "PUCPR - Pontificia Universidade Catolica do Parana"
    },
    "https://cafe.sede.embrapa.br/idp/shibboleth": {
        "en": "EMBRAPA - Empresa Brasileira de Pesquisa Agropecuaria",
        "pt-br": "EMBRAPA - Empresa Brasileira de Pesquisa Agropecuaria"
    },
    "https://cafe.sgb.gov.br/idp/shibboleth": {
        "en": "SGB - Servico Geologico do Brasil",
        "pt-br": "SGB - Servico Geologico do Brasil"
    },
    "https://cafe.ucs.br/idp/shibboleth": {
        "en": "UCS - Universidade de Caxias do Sul",
        "pt-br": "UCS - Universidade de Caxias do Sul"
    },
    "https://cafe.ucsal.br/idp/shibboleth": {
        "en": "UCSAL - Universidade Catolica do Salvador",
        "pt-br": "UCSAL - Universidade Catolica do Salvador"
    },
    "https://cafe.uemg.br/idp/shibboleth": {
        "en": "UEMG - Universidade do Estado de Minas Gerais",
        "pt-br": "UEMG - Universidade do Estado de Minas Gerais"
    },
    "https://cafe.uerr.edu.br/idp/shibboleth": {
        "en": "UERR - Universidade Estadual De Roraima",
        "pt-br": "UERR - Universidade Estadual De Roraima"
    },
    "https://cafe.uesb.br/idp/shibboleth": {
        "en": "UESB - Universidade Estadual do Sudoeste da Bahia",
        "pt-br": "UESB - Universidade Estadual do Sudoeste da Bahia"
    },
    "https://cafe.ufam.edu.br/idp/shibboleth": {
        "en": "UFAM - Universidade Federal do Amazonas",
        "pt-br": "UFAM - Universidade Federal do Amazonas"
    },
    "https://cafe.ufba.br/idp/shibboleth": {
        "en": "UFBA - Universidade Federal da Bahia",
        "pt-br": "UFBA - Universidade Federal da Bahia"
    },
    "https://cafe.uff.br/idp/shibboleth": {
        "en": "UFF - Universidade Federal Fluminense",
        "pt-br": "UFF - Universidade Federal Fluminense"
    },
    "https://cafe.ufla.br/idp/shibboleth": {
        "en": "UFLA - Universidade Federal de Lavras",
        "pt-br": "UFLA - Universidade Federal de Lavras"
    },
    "https://cafe.ufmg.br/idp/shibboleth": {
        "en": "UFMG - Universidade Federal de Minas Gerais",
        "pt-br": "UFMG - Universidade Federal de Minas Gerais"
    },
    "https://cafe.ufnt.edu.br/idp/shibboleth": {
        "en": "UFNT - Universidade Federal do Norte do Tocantins",
        "pt-br": "UFNT - Universidade Federal do Norte do Tocantins"
    },
    "https://cafe.ufob.edu.br/idp/shibboleth": {
        "en": "UFOB - Universidade Federal do Oeste da Bahia",
        "pt-br": "UFOB - Universidade Federal do Oeste da Bahia"
    },
    "https://cafe.ufpa.br/idp/shibboleth": {
        "en": "UFPA - Universidade Federal do Para",
        "pt-br": "UFPA - Universidade Federal do Para"
    },
    "https://cafe.ufpel.edu.br/idp/shibboleth": {
        "en": "UFPEL - Universidade Federal de Pelotas",
        "pt-br": "UFPEL - Universidade Federal de Pelotas"
    },
    "https://cafe.ufpi.br/idp/shibboleth": {
        "en": "UFPI - Universidade Federal do Piaui",
        "pt-br": "UFPI - Universidade Federal do Piaui"
    },
    "https://cafe.ufrj.br/idp/shibboleth": {
        "en": "UFRJ - Universidade Federal do Rio de Janeiro",
        "pt-br": "UFRJ - Universidade Federal do Rio de Janeiro"
    },
    "https://cafe.ufsb.edu.br/idp/shibboleth": {
        "en": "UFSB - Universidade Federal do Sul da Bahia",
        "pt-br": "UFSB - Universidade Federal do Sul da Bahia"
    },
    "https://cafe.ufsc.br/idp/shibboleth": {
        "en": "UFSC - Universidade Federal de Santa Catarina",
        "pt-br": "UFSC - Universidade Federal de Santa Catarina"
    },
    "https://cafe.undf.edu.br/idp/shibboleth": {
        "en": "UNDF - Universidade do Distrito Federal",
        "pt-br": "UNDF - Universidade do Distrito Federal"
    },
    "https://cafe.uneal.edu.br/idp/shibboleth": {
        "en": "UNEAL - Universidade Estadual de Alagoas",
        "pt-br": "UNEAL - Universidade Estadual de Alagoas"
    },
    "https://cafe.unemat.br/idp/shibboleth": {
        "en": "UNEMAT - Fundacao Universidade do Estado de Mato Grosso",
        "pt-br": "UNEMAT - Fundacao Universidade do Estado de Mato Grosso"
    },
    "https://cafe.unesc.net/idp/shibboleth": {
        "en": "UNESC - Universidade do Extremo Sul Catarinense",
        "pt-br": "UNESC - Universidade do Extremo Sul Catarinense"
    },
    "https://cafe.uniarp.edu.br/idp/shibboleth": {
        "en": "UNIARP - Universidade Alto Vale do Rio do Peixe",
        "pt-br": "UNIARP - Universidade Alto Vale do Rio do Peixe"
    },
    "https://cafe.unicamp.br/idp/shibboleth": {
        "en": "UNICAMP - Universidade Estadual de Campinas",
        "pt-br": "UNICAMP - Universidade Estadual de Campinas"
    },
    "https://cafe.unicap.br/idp/shibboleth": {
        "en": "UNICAP - Universidade Catolica de Pernambuco",
        "pt-br": "UNICAP - Universidade Catolica de Pernambuco"
    },
    "https://cafe.unicid.edu.br/idp/shibboleth": {
        "en": "UNICID - Universidade Cidade de Sao Paulo",
        "pt-br": "UNICID - Universidade Cidade de Sao Paulo"
    },
    "https://cafe.unifor.br/idp/shibboleth": {
        "en": "UNIFOR - Universidade de Fortaleza",
        "pt-br": "UNIFOR - Universidade de Fortaleza"
    },
    "https://cafe.unigranrio.edu.br/idp/shibboleth": {
        "en": "UNIGRANRIO - Universidade do Grande Rio",
        "pt-br": "UNIGRANRIO - Universidade do Grande Rio"
    },
    "https://cafe.unimontes.br/idp/shibboleth": {
        "en": "UNIMONTES - Universidade Estadual de Montes Claros",
        "pt-br": "UNIMONTES - Universidade Estadual de Montes Claros"
    },
    "https://cafe.unipampa.edu.br/idp/shibboleth": {
        "en": "UNIPAMPA - Universidade Federal do Pampa",
        "pt-br": "UNIPAMPA - Universidade Federal do Pampa"
    },
    "https://cafe.unitau.br/idp/shibboleth": {
        "en": "UNITAU - Universidade de Taubate",
        "pt-br": "UNITAU - Universidade de Taubate"
    },
    "https://cafe.univille.br/idp/shibboleth": {
        "en": "UNIVILLE - Fundacao Educacional da Regiao de Joinville",
        "pt-br": "UNIVILLE - Fundacao Educacional da Regiao de Joinville"
    },
    "https://cafe.unoesc.edu.br/idp/shibboleth": {
        "en": "UNOESC - Universidade do Oeste de Santa Catarina",
        "pt-br": "UNOESC - Universidade do Oeste de Santa Catarina"
    },
    "https://cafe02.ifes.edu.br/idp/shibboleth": {
        "en": "IFES - Instituto Federal do Espirito Santo",
        "pt-br": "IFES - Instituto Federal do Espirito Santo"
    },
    "https://cafe2.cecierj.edu.br/idp/shibboleth": {
        "en": "CECIERJ - Centro de Ciencias e Edu. a Distancia do RJ",
        "pt-br": "CECIERJ - Centro de Ciencias e Edu. a Distancia do RJ"
    },
    "https://cafe2.dti.ufv.br/idp/shibboleth": {
        "en": "UFV - Universidade Federal de Vicosa",
        "pt-br": "UFV - Universidade Federal de Vicosa"
    },
    "https://cafe2.unesp.br/idp/shibboleth": {
        "en": "UNESP - Universidade Estadual Paulista Julio de Mesquita Filho",
        "pt-br": "UNESP - Universidade Estadual Paulista Julio de Mesquita Filho"
    },
    "https://cafe2.unifesspa.edu.br/idp/shibboleth": {
        "en": "UNIFESSPA - Universidade Federal do Sul e Sudeste do Para",
        "pt-br": "UNIFESSPA - Universidade Federal do Sul e Sudeste do Para"
    },
    "https://cafe2.unoeste.br/idp/shibboleth": {
        "en": "UNOESTE - Universidade do Oeste Paulista",
        "pt-br": "UNOESTE - Universidade do Oeste Paulista"
    },
    "https://cafe2022.lncc.br/idp/shibboleth": {
        "en": "LNCC - Laboratorio Nacional de Computacao Cientifica",
        "pt-br": "LNCC - Laboratorio Nacional de Computacao Cientifica"
    },
    "https://cafe4.udesc.br/idp/shibboleth": {
        "en": "UDESC - Universidade do Estado de Santa Catarina",
        "pt-br": "UDESC - Universidade do Estado de Santa Catarina"
    },
    "https://cafe4.ufal.br/idp/shibboleth": {
        "en": "UFAL - Universidade Federal de Alagoas",
        "pt-br": "UFAL - Universidade Federal de Alagoas"
    },
    "https://cafe5.ansp.br/idp/shibboleth": {
        "en": "ANSP - Research and Education Network of Sao Paulo",
        "pt-br": "ANSP - Research and Education Network of Sao Paulo"
    },
    "https://cafe5.ufes.br/idp/shibboleth": {
        "en": "UFES - Universidade Federal do Espirito Santo",
        "pt-br": "UFES - Universidade Federal do Espirito Santo"
    },
    "https://cafeidp.ufdpar.edu.br/idp/shibboleth": {
        "en": "UFDPAR - Universidade Federal do Delta do Parnaiba",
        "pt-br": "UFDPAR - Universidade Federal do Delta do Parnaiba"
    },
    "https://cafernp.fesfsus.ba.gov.br/idp/shibboleth": {
        "en": "FESFSUS - Fundacao Estatal Saude da Familia",
        "pt-br": "FESFSUS - Fundacao Estatal Saude da Familia"
    },
    "https://cafernp.imip.org.br/idp/shibboleth": {
        "en": "IMIP - Instituto de Medicina Integral Prof. Fernando Figueira",
        "pt-br": "IMIP - Instituto de Medicina Integral Prof. Fernando Figueira"
    },
    "https://cafernp1.ipt.br/idp/shibboleth": {
        "en": "IPT - Instituto de Pesquisas Tecnologicas do Estado de Sao Paulo",
        "pt-br": "IPT - Instituto de Pesquisas Tecnologicas do Estado de Sao Paulo"
    },
    "https://cafeuri.uricer.edu.br/idp/shibboleth": {
        "en": "URICER - Universidade Regional Integrada do Alto Uruguai e das Missoes",
        "pt-br": "URICER - Universidade Regional Integrada do Alto Uruguai e das Missoes"
    },
    "https://cafev3.unochapeco.edu.br/idp/shibboleth": {
        "en": "UNOCHAPECO - Universidade Comunitaria da Regiao de Chapeco",
        "pt-br": "UNOCHAPECO - Universidade Comunitaria da Regiao de Chapeco"
    },
    "https://cafeweb.cetene.gov.br/idp/shibboleth": {
        "en": "CETENE - Centro de Tecnologias e Estrategicas do Nordeste",
        "pt-br": "CETENE - Centro de Tecnologias e Estrategicas do Nordeste"
    },
    "https://capes.fcmsantacasasp.edu.br/idp/shibboleth": {
        "en": "FCMSCSP - Faculdade de Ciencia Medicas Santa Casa",
        "pt-br": "FCMSCSP - Faculdade de Ciencia Medicas Santa Casa"
    },
    "https://capuccino.ifba.edu.br/idp/shibboleth": {
        "en": "IFBA - Instituto Federal da Bahia",
        "pt-br": "IFBA - Instituto Federal da Bahia"
    },
    "https://capuccino2.iff.edu.br/idp/shibboleth": {
        "en": "IFF - Instituto Federal de Educacao, Ciencia e Tecnologia Fluminense",
        "pt-br": "IFF - Instituto Federal de Educacao, Ciencia e Tecnologia Fluminense"
    },
    "https://cardio.net.br/idp/shibboleth": {
        "en": "ICFUC - Instituto de Cardiologia do Rio Grande do Sul",
        "pt-br": "ICFUC - Instituto de Cardiologia do Rio Grande do Sul"
    },
    "https://catuai.ufop.br/idp/shibboleth": {
        "en": "UFOP - Universidade Federal de Ouro Preto",
        "pt-br": "UFOP - Universidade Federal de Ouro Preto"
    },
    "https://dourado2023.ufs.br/idp/shibboleth": {
        "en": "UFS - Universidade Federal de Sergipe",
        "pt-br": "UFS - Universidade Federal de Sergipe"
    },
    "https://facape-vp-cafe.facape.br/idp/shibboleth": {
        "en": "FACAPE - Faculdade de Petrolina",
        "pt-br": "FACAPE - Faculdade de Petrolina"
    },
    "https://federacao-1.hcpa.edu.br/idp/shibboleth": {
        "en": "HCPA - Hospital de Clinicas de Porto Alegre",
        "pt-br": "HCPA - Hospital de Clinicas de Porto Alegre"
    },
    "https://federacao2.uvanet.br/idp/shibboleth": {
        "en": "UVA - Universidade Estadual Vale do Acarau",
        "pt-br": "UVA - Universidade Estadual Vale do Acarau"
    },
    "https://fjncafe.fundaj.gov.br/idp/shibboleth": {
        "en": "FUNDAJ - Fundacao Joaquim Nabuco",
        "pt-br": "FUNDAJ - Fundacao Joaquim Nabuco"
    },
    "https://fjscafe.fjs.org.br/idp/shibboleth": {
        "en": "FJS - Fundacao Jose Silveira",
        "pt-br": "FJS - Fundacao Jose Silveira"
    },
    "https://fusion.ceub.br/idp/shibboleth": {
        "en": "CEUB - Centro Universitario de Brasilia",
        "pt-br": "CEUB - Centro Universitario de Brasilia"
    },
    "https://hibonite.fapesp.br/idp/shibboleth": {
        "en": "FAPESP - Fundacao de Amparo a Pesquisa de Sao Paulo",
        "pt-br": "FAPESP - Fundacao de Amparo a Pesquisa de Sao Paulo"
    },
    "https://idp-atualizado.ifap.edu.br/idp/shibboleth": {
        "en": "IFAP - Instituto Federal do Amapa",
        "pt-br": "IFAP - Instituto Federal do Amapa"
    },
    "https://idp-cafe-v2.uerj.br/idp/shibboleth": {
        "en": "UERJ - Universidade do Estado do Rio de Janeiro",
        "pt-br": "UERJ - Universidade do Estado do Rio de Janeiro"
    },
    "https://idp-cafe.cemaden.gov.br/idp/shibboleth": {
        "en": "CEMADEN - Centro Nac Monit e Alertas de Desastres Naturais",
        "pt-br": "CEMADEN - Centro Nac Monit e Alertas de Desastres Naturais"
    },
    "https://idp-cafe.cp2.g12.br/idp/shibboleth": {
        "en": "CP2 - Colegio Pedro II",
        "pt-br": "CP2 - Colegio Pedro II"
    },
    "https://idp-cafe.ghc.com.br/idp/shibboleth": {
        "en": "GHC - Grupo Hospitalar Conceicao",
        "pt-br": "GHC - Grupo Hospitalar Conceicao"
    },
    "https://idp-cafe.hmv.org.br/idp/shibboleth": {
        "en": "HMV - Associacao Hospitalar Moinhos de Vento",
        "pt-br": "HMV - Associacao Hospitalar Moinhos de Vento"
    },
    "https://idp-cafe.ifgoiano.edu.br/idp/shibboleth": {
        "en": "IFGOIANO - Instituto Federal Goiano",
        "pt-br": "IFGOIANO - Instituto Federal Goiano"
    },
    "https://idp-cafe.ifpi.edu.br/idp/shibboleth": {
        "en": "IFPI - Instituto Federal do Piaui",
        "pt-br": "IFPI - Instituto Federal do Piaui"
    },
    "https://idp-cafe.ifs.edu.br/idp/shibboleth": {
        "en": "IFS - Instituto Federal de Educacao, Ciencia e Tecnologia do Sergipe",
        "pt-br": "IFS - Instituto Federal de Educacao, Ciencia e Tecnologia do Sergipe"
    },
    "https://idp-cafe.inma.gov.br/idp/shibboleth": {
        "en": "INMA - Instituto Nacional da Mata Atlantica",
        "pt-br": "INMA - Instituto Nacional da Mata Atlantica"
    },
    "https://idp-cafe.ird.gov.br/idp/shibboleth": {
        "en": "IRD - Instituto de Radioprotecao e Dosimetria",
        "pt-br": "IRD - Instituto de Radioprotecao e Dosimetria"
    },
    "https://idp-cafe.mcti.gov.br/idp/shibboleth": {
        "en": "MCTI - Ministerio da Ciencia, Tecnologia e Inovacao",
        "pt-br": "MCTI - Ministerio da Ciencia, Tecnologia e Inovacao"
    },
    "https://idp-cafe.saude.pi.gov.br/idp/shibboleth": {
        "en": "SESAPI - Secretaria de Estado da Saude do Piaui",
        "pt-br": "SESAPI - Secretaria de Estado da Saude do Piaui"
    },
    "https://idp-cafe.uea.edu.br/idp/shibboleth": {
        "en": "UEA - Universidade do Estado do Amazonas",
        "pt-br": "UEA - Universidade do Estado do Amazonas"
    },
    "https://idp-cafe.ufcspa.edu.br/idp/shibboleth": {
        "en": "UFCSPA - Univ. Fed. de Ciencias da Saude de Porto Alegre",
        "pt-br": "UFCSPA - Univ. Fed. de Ciencias da Saude de Porto Alegre"
    },
    "https://idp-cafe.ufpb.br/idp/shibboleth": {
        "en": "UFPB - Universidade Federal da Paraiba",
        "pt-br": "UFPB - Universidade Federal da Paraiba"
    },
    "https://idp-cafe.ufra.edu.br/idp/shibboleth": {
        "en": "UFRA - Universidade Federal Rural da Amazonia",
        "pt-br": "UFRA - Universidade Federal Rural da Amazonia"
    },
    "https://idp-cafe.uneb.br/idp/shibboleth": {
        "en": "UNEB - Universidade do Estado da Bahia",
        "pt-br": "UNEB - Universidade do Estado da Bahia"
    },
    "https://idp-cafe.unifal-mg.edu.br/idp/shibboleth": {
        "en": "UNIFAL-MG - Universidade Federal de Alfenas",
        "pt-br": "UNIFAL-MG - Universidade Federal de Alfenas"
    },
    "https://idp-cafe.unisc.br/idp/shibboleth": {
        "en": "UNISC - Universidade de Santa Cruz do Sul",
        "pt-br": "UNISC - Universidade de Santa Cruz do Sul"
    },
    "https://idp-cafe.unisinos.br/idp/shibboleth": {
        "en": "UNISINOS - Universidade do Vale do Rio dos Sinos",
        "pt-br": "UNISINOS - Universidade do Vale do Rio dos Sinos"
    },
    "https://idp-novo.uncisal.edu.br/idp/shibboleth": {
        "en": "UNCISAL - Universidade Estadual de Ciencias da Saude de Alagoas",
        "pt-br": "UNCISAL - Universidade Estadual de Ciencias da Saude de Alagoas"
    },
    "https://idp-shib-urca.urca.br/idp/shibboleth": {
        "en": "URCA - Universidade Regional do Cariri",
        "pt-br": "URCA - Universidade Regional do Cariri"
    },
    "https://idp-shib4.uespi.br/idp/shibboleth": {
        "en": "UESPI - Universidade Estadual do Piaui",
        "pt-br": "UESPI - Universidade Estadual do Piaui"
    },
    "https://idp-shib421.funpec.br/idp/shibboleth": {
        "en": "FUNPEC - Fundacao Norte-Rio-Grandense de Pesquisa e Cultura",
        "pt-br": "FUNPEC - Fundacao Norte-Rio-Grandense de Pesquisa e Cultura"
    },
    "https://idp-shib421.unichristus.edu.br/idp/shibboleth": {
        "en": "UNICHRISTUS - Centro Universitario Unichristus",
        "pt-br": "UNICHRISTUS - Centro Universitario Unichristus"
    },
    "https://idp-v4.ceitec-sa.com/idp/shibboleth": {
        "en": "CEITEC - Centro Nacional de Tecnologia e Eletronica Avancada",
        "pt-br": "CEITEC - Centro Nacional de Tecnologia e Eletronica Avancada"
    },
    "https://idp-v421.ifsp.edu.br/idp/shibboleth": {
        "en": "IFSP - Instituto Federal de Educ. Ciencia e Tec. de Sao Paulo",
        "pt-br": "IFSP - Instituto Federal de Educ. Ciencia e Tec. de Sao Paulo"
    },
    "https://idp.capes.gov.br/idp/shibboleth": {
        "en": "CAPES - Coordenacao de Aperfeicoamento de Pessoal de Nivel Superior",
        "pt-br": "CAPES - Coordenacao de Aperfeicoamento de Pessoal de Nivel Superior"
    },
    "https://idp.cefetmg.br/idp/shibboleth": {
        "en": "CEFET-MG - Centro Federal de Educacao Tecnologica de Minas Gerais",
        "pt-br": "CEFET-MG - Centro Federal de Educacao Tecnologica de Minas Gerais"
    },
    "https://idp.cnen.gov.br/idp/shibboleth": {
        "en": "CNEN - Comissao Nacional de Energia Nuclear",
        "pt-br": "CNEN - Comissao Nacional de Energia Nuclear"
    },
    "https://idp.dr.ufu.br/idp/shibboleth": {
        "en": "UFU - Universidade Federal de Uberlandia",
        "pt-br": "UFU - Universidade Federal de Uberlandia"
    },
    "https://idp.esd.gov.br/idp/shibboleth": {
        "en": "ESD - Escola Superior de Defesa",
        "pt-br": "ESD - Escola Superior de Defesa"
    },
    "https://idp.faculdadesoberana.com.br/idp/shibboleth": {
        "en": "SOBERANA - Faculdade de Saude de Petrolina",
        "pt-br": "SOBERANA - Faculdade de Saude de Petrolina"
    },
    "https://idp.fapeal.br/idp/shibboleth": {
        "en": "FAPEAL - Fundacao de Amparo a Pesquisa de Alagoas",
        "pt-br": "FAPEAL - Fundacao de Amparo a Pesquisa de Alagoas"
    },
    "https://idp.fapes.es.gov.br/idp/shibboleth": {
        "en": "FAPES - Fundacao de Amparo a Pesquisa e Inovacao do Espirito Santo",
        "pt-br": "FAPES - Fundacao de Amparo a Pesquisa e Inovacao do Espirito Santo"
    },
    "https://idp.fiocruz.br/idp/shibboleth": {
        "en": "FIOCRUZ - Fundacao Oswaldo Cruz",
        "pt-br": "FIOCRUZ - Fundacao Oswaldo Cruz"
    },
    "https://idp.fmu.br/idp/shibboleth": {
        "en": "FMU - Faculdades Metropolitanas Unidas Educacao",
        "pt-br": "FMU - Faculdades Metropolitanas Unidas Educacao"
    },
    "https://idp.ifac.edu.br/idp/shibboleth": {
        "en": "IFAC - Instituto Federal do Acre",
        "pt-br": "IFAC - Instituto Federal do Acre"
    },
    "https://idp.ifg.edu.br/idp/shibboleth": {
        "en": "IFG - Instituto Federal de Educacao Ciencia e Tecnologia de Goias",
        "pt-br": "IFG - Instituto Federal de Educacao Ciencia e Tecnologia de Goias"
    },
    "https://idp.ifpa.edu.br/idp/shibboleth": {
        "en": "IFPA - Instituto Federal do Para",
        "pt-br": "IFPA - Instituto Federal do Para"
    },
    "https://idp.ifsuldeminas.edu.br/idp/shibboleth": {
        "en": "IFSULDEMINAS - Instituto Federal do Sul de Minas Gerais",
        "pt-br": "IFSULDEMINAS - Instituto Federal do Sul de Minas Gerais"
    },
    "https://idp.incor.usp.br/idp/shibboleth": {
        "en": "INCOR USP - Instituto do Coracao da Faculdade de Medicina da Universidade de Sao Paulo",
        "pt-br": "INCOR USP - Instituto do Coracao da Faculdade de Medicina da Universidade de Sao Paulo"
    },
    "https://idp.inpa.gov.br/idp/shibboleth": {
        "en": "INPA - Instituto Nacional de Pesquisas da Amazonia",
        "pt-br": "INPA - Instituto Nacional de Pesquisas da Amazonia"
    },
    "https://idp.inpp.gov.br/idp/shibboleth": {
        "en": "INPP - Instituto Nacional de Pesquisa do Pantanal",
        "pt-br": "INPP - Instituto Nacional de Pesquisa do Pantanal"
    },
    "https://idp.int.gov.br/idp/shibboleth": {
        "en": "INT - Instituto Nacional de Tecnologia",
        "pt-br": "INT - Instituto Nacional de Tecnologia"
    },
    "https://idp.ita.br/idp/shibboleth": {
        "en": "ITA - Instituto Tecnologico de Aeronautica",
        "pt-br": "ITA - Instituto Tecnologico de Aeronautica"
    },
    "https://idp.mast.br/idp/shibboleth": {
        "en": "MAST - Museu de Astronomia e Ciencias Afins",
        "pt-br": "MAST - Museu de Astronomia e Ciencias Afins"
    },
    "https://idp.puc-campinas.edu.br/idp/shibboleth": {
        "en": "PUCCAMPINAS - Pontificia Universidade Catolica de Campinas",
        "pt-br": "PUCCAMPINAS - Pontificia Universidade Catolica de Campinas"
    },
    "https://idp.rnp.br/idp/shibboleth": {
        "en": "RNP - Rede Nacional de Ensino e Pesquisa",
        "pt-br": "RNP - Rede Nacional de Ensino e Pesquisa"
    },
    "https://idp.uel.br/idp/shibboleth": {
        "en": "UEL - Universidade Estadual de Londrina",
        "pt-br": "UEL - Universidade Estadual de Londrina"
    },
    "https://idp.uema.br/idp/shibboleth": {
        "en": "UEMA - Universidade Estadual do Maranhao",
        "pt-br": "UEMA - Universidade Estadual do Maranhao"
    },
    "https://idp.uenf.br/idp/shibboleth": {
        "en": "UENF - Universidade Estadual do Norte Fluminense Darcy Ribeiro",
        "pt-br": "UENF - Universidade Estadual do Norte Fluminense Darcy Ribeiro"
    },
    "https://idp.uesc.br/idp/shibboleth": {
        "en": "UESC - Universidade Estadual de Santa Cruz",
        "pt-br": "UESC - Universidade Estadual de Santa Cruz"
    },
    "https://idp.ufcat.edu.br/idp/shibboleth": {
        "en": "UFCAT - Universidade Federal de Catalao",
        "pt-br": "UFCAT - Universidade Federal de Catalao"
    },
    "https://idp.ufgd.edu.br/idp/shibboleth": {
        "en": "UFGD - Universidade Federal da Grande Dourados",
        "pt-br": "UFGD - Universidade Federal da Grande Dourados"
    },
    "https://idp.ufjf.br/idp/shibboleth": {
        "en": "UFJF - Universidade Federal de Juiz de Fora",
        "pt-br": "UFJF - Universidade Federal de Juiz de Fora"
    },
    "https://idp.ufr.edu.br/idp/shibboleth": {
        "en": "UFR - Universidade Federal de Rondonopolis",
        "pt-br": "UFR - Universidade Federal de Rondonopolis"
    },
    "https://idp.ufrb.edu.br/idp/shibboleth": {
        "en": "UFRB - Universidade Federal do Reconcavo da Bahia",
        "pt-br": "UFRB - Universidade Federal do Reconcavo da Bahia"
    },
    "https://idp.ufsj.edu.br/idp/shibboleth": {
        "en": "UFSJ - Universidade Federal de Sao Joao del Rei",
        "pt-br": "UFSJ - Universidade Federal de Sao Joao del Rei"
    },
    "https://idp.uftm.edu.br/idp/shibboleth": {
        "en": "UFTM - Universidade Federal do Triangulo Mineiro",
        "pt-br": "UFTM - Universidade Federal do Triangulo Mineiro"
    },
    "https://idp.unifacef.edu.br/idp/shibboleth": {
        "en": "UNI-FACEF - Centro Universitario Municipal de Franca",
        "pt-br": "UNI-FACEF - Centro Universitario Municipal de Franca"
    },
    "https://idp.unifap.br/idp/shibboleth": {
        "en": "UNIFAP - Universidade Federal do Amapa",
        "pt-br": "UNIFAP - Universidade Federal do Amapa"
    },
    "https://idp.unifatea.edu.br/idp/shibboleth": {
        "en": "UNIFATEA - Centro Universitario Teresa D Avila",
        "pt-br": "UNIFATEA - Centro Universitario Teresa D Avila"
    },
    "https://idp.unifesp.br/idp/shibboleth": {
        "en": "UNIFESP - Universidade Federal de Sao Paulo",
        "pt-br": "UNIFESP - Universidade Federal de Sao Paulo"
    },
    "https://idp.unijorge.edu.br/idp/shibboleth": {
        "en": "UNIJORGE - Centro Universitario Jorge Amado",
        "pt-br": "UNIJORGE - Centro Universitario Jorge Amado"
    },
    "https://idp.unijui.edu.br/idp/shibboleth": {
        "en": "UNIJUI - Universidade Regional do Noroeste do Estado do Rio Grande do Sul",
        "pt-br": "UNIJUI - Universidade Regional do Noroeste do Estado do Rio Grande do Sul"
    },
    "https://idp.unir.br/idp/shibboleth": {
        "en": "UNIR - Fundacao Universidade Federal de Rondonia",
        "pt-br": "UNIR - Fundacao Universidade Federal de Rondonia"
    },
    "https://idp.unirv.edu.br/idp/shibboleth": {
        "en": "UNIRV - Universidade de Rio Verde",
        "pt-br": "UNIRV - Universidade de Rio Verde"
    },
    "https://idp.unis.edu.br/idp/shibboleth": {
        "en": "UNIS - Centro Universitario do Sul de Minas",
        "pt-br": "UNIS - Centro Universitario do Sul de Minas"
    },
    "https://idp.unisanta.br/idp/shibboleth": {
        "en": "UNISANTA - Instituto Superior de Educacao Santa Cecilia",
        "pt-br": "UNISANTA - Instituto Superior de Educacao Santa Cecilia"
    },
    "https://idp.unitins.br/idp/shibboleth": {
        "en": "UNITINS - Universidade Estadual do Tocantins",
        "pt-br": "UNITINS - Universidade Estadual do Tocantins"
    },
    "https://idp.univasf.edu.br/idp/shibboleth": {
        "en": "UNIVASF - Universidade Federal do Vale do Sao Francisco",
        "pt-br": "UNIVASF - Universidade Federal do Vale do Sao Francisco"
    },
    "https://idp.uscs.edu.br/idp/shibboleth": {
        "en": "USCS - Universidade Municipal de Sao Caetano do Sul",
        "pt-br": "USCS - Universidade Municipal de Sao Caetano do Sul"
    },
    "https://idp01.linea.org.br/idp/shibboleth": {
        "en": "LINEA - Laboratorio Interinstitucional de e-Astronomia",
        "pt-br": "LINEA - Laboratorio Interinstitucional de e-Astronomia"
    },
    "https://idp01.ufsm.br/idp/shibboleth": {
        "en": "UFSM - Universidade Federal de Santa Maria",
        "pt-br": "UFSM - Universidade Federal de Santa Maria"
    },
    "https://idp02.ifc.edu.br/idp/shibboleth": {
        "en": "IFC - Instituto Federal Catarinense",
        "pt-br": "IFC - Instituto Federal Catarinense"
    },
    "https://idp03-prd-jne.ufca.edu.br/idp/shibboleth": {
        "en": "UFCA - Universidade Federal do Cariri",
        "pt-br": "UFCA - Universidade Federal do Cariri"
    },
    "https://idp03.ifmg.edu.br/idp/shibboleth": {
        "en": "IFMG - Instituto Federal de Minas Gerais",
        "pt-br": "IFMG - Instituto Federal de Minas Gerais"
    },
    "https://idp1.uepb.edu.br/idp/shibboleth": {
        "en": "UEPB - Universidade Estadual da Paraiba",
        "pt-br": "UEPB - Universidade Estadual da Paraiba"
    },
    "https://idp2.dmz.inpe.br/idp/shibboleth": {
        "en": "INPE - Instituto Nacional de Pesquisas Espaciais",
        "pt-br": "INPE - Instituto Nacional de Pesquisas Espaciais"
    },
    "https://idp2.ufac.br/idp/shibboleth": {
        "en": "UFAC - Universidade Federal do Acre",
        "pt-br": "UFAC - Universidade Federal do Acre"
    },
    "https://idp2.ufmt.br/idp/shibboleth": {
        "en": "UFMT - Universidade Federal de Mato Grosso",
        "pt-br": "UFMT - Universidade Federal de Mato Grosso"
    },
    "https://idp4.uepg.br/idp/shibboleth": {
        "en": "UEPG - Universidade Estadual de Ponta Grossa",
        "pt-br": "UEPG - Universidade Estadual de Ponta Grossa"
    },
    "https://idp60.furb.br/idp/shibboleth": {
        "en": "FURB - Fundacao Universidade Regional de Blumenau",
        "pt-br": "FURB - Fundacao Universidade Regional de Blumenau"
    },
    "https://idpcafe.finep.gov.br/idp/shibboleth": {
        "en": "FINEP - Financiadora de Estudos e Projetos",
        "pt-br": "FINEP - Financiadora de Estudos e Projetos"
    },
    "https://idpcafe.ifsertao-pe.edu.br/idp/shibboleth": {
        "en": "IFSERTAOPE - Instituto Federal do Sertao Pernambucano",
        "pt-br": "IFSERTAOPE - Instituto Federal do Sertao Pernambucano"
    },
    "https://idpcafe.ifsudestemg.edu.br/idp/shibboleth": {
        "en": "IFSUDESTEMG - Inst Fed de Educ Ciencia e Tec do Sudeste de MG",
        "pt-br": "IFSUDESTEMG - Inst Fed de Educ Ciencia e Tec do Sudeste de MG"
    },
    "https://idpcafe.uepa.br/idp/shibboleth": {
        "en": "UEPA - Universidade do Estado do Para",
        "pt-br": "UEPA - Universidade do Estado do Para"
    },
    "https://idpcafe.ufscar.br/idp/shibboleth": {
        "en": "UFSCAR - Universidade Federal de Sao Carlos",
        "pt-br": "UFSCAR - Universidade Federal de Sao Carlos"
    },
    "https://idpcafe.ufvjm.edu.br/idp/shibboleth": {
        "en": "UFVJM - Universidade Federal dos Vales do Jequitinhonha e Mucuri",
        "pt-br": "UFVJM - Universidade Federal dos Vales do Jequitinhonha e Mucuri"
    },
    "https://idpcafe.unifran.br/idp/shibboleth": {
        "en": "UNIFRAN - Universidade de Franca",
        "pt-br": "UNIFRAN - Universidade de Franca"
    },
    "https://idpcafe.uniube.br/idp/shibboleth": {
        "en": "UNIUBE - Universidade de Uberaba",
        "pt-br": "UNIUBE - Universidade de Uberaba"
    },
    "https://idpcafe.upe.br/idp/shibboleth": {
        "en": "UPE - Universidade de Pernambuco",
        "pt-br": "UPE - Universidade de Pernambuco"
    },
    "https://idpcafe.usp.br/idp/shibboleth": {
        "en": "USP - Universidade de Sao Paulo",
        "pt-br": "USP - Universidade de Sao Paulo"
    },
    "https://idpcafe2022.ipen.br/idp/shibboleth": {
        "en": "IPEN - Instituto de Pesquisas Energeticas e Nucleares",
        "pt-br": "IPEN - Instituto de Pesquisas Energeticas e Nucleares"
    },
    "https://idpfapepi.fapepi.pi.gov.br/idp/shibboleth": {
        "en": "FAPEPI - Fundacao de Amparo a Pesquisa do Estado do Piaui",
        "pt-br": "FAPEPI - Fundacao de Amparo a Pesquisa do Estado do Piaui"
    },
    "https://idprpilot.univates.br/idp/shibboleth": {
        "en": "UNIVATES - Universidade do Vale do Taquari",
        "pt-br": "UNIVATES - Universidade do Vale do Taquari"
    },
    "https://idpsaocamilosp.saocamilo-sp.br/idp/shibboleth": {
        "en": "CUSC - Centro Universitario Sao Camilo",
        "pt-br": "CUSC - Centro Universitario Sao Camilo"
    },
    "https://idpuemasul.uemasul.edu.br/idp/shibboleth": {
        "en": "UEMASUL - Uni.Estadual Reg.Tocantina do Maranhao",
        "pt-br": "UEMASUL - Uni.Estadual Reg.Tocantina do Maranhao"
    },
    "https://idpv-cafe.redesecti.ba.gov.br/idp/shibboleth": {
        "en": "SECTI-BA - Secretaria de Ciencia, Tecnologia e Inovacao do Estado da Bahia",
        "pt-br": "SECTI-BA - Secretaria de Ciencia, Tecnologia e Inovacao do Estado da Bahia"
    },
    "https://idpv3-hsr.hsr.com.br/idp/shibboleth": {
        "en": "HSR - Hospital Sao Rafael",
        "pt-br": "HSR - Hospital Sao Rafael"
    },
    "https://idpv3.lna.br/idp/shibboleth": {
        "en": "LNA - Laboratorio Nacional de Astrofisica",
        "pt-br": "LNA - Laboratorio Nacional de Astrofisica"
    },
    "https://ifs00sv056.ifsul.edu.br/idp/shibboleth": {
        "en": "IFSUL - Instituto Federal Sul-rio-grandense",
        "pt-br": "IFSUL - Instituto Federal Sul-rio-grandense"
    },
    "https://infra031.umc.br/idp/shibboleth": {
        "en": "UMC - Universidade de Mogi das Cruzes",
        "pt-br": "UMC - Universidade de Mogi das Cruzes"
    },
    "https://ipameri.cti.gov.br/idp/shibboleth": {
        "en": "CTI - Centro de Tecnologia da Informacao Renato Archer",
        "pt-br": "CTI - Centro de Tecnologia da Informacao Renato Archer"
    },
    "https://itacare.bahiana.edu.br/idp/shibboleth": {
        "en": "EBMSP - Escola Bahiana de Medicina e Saude Publica",
        "pt-br": "EBMSP - Escola Bahiana de Medicina e Saude Publica"
    },
    "https://josue.uenp.edu.br/idp/shibboleth": {
        "en": "UENP - Universidade Estadual do Norte do Parana",
        "pt-br": "UENP - Universidade Estadual do Norte do Parana"
    },
    "https://login-cafe.ifrr.edu.br/idp/shibboleth": {
        "en": "IFRR - Instituto Federal de Roraima",
        "pt-br": "IFRR - Instituto Federal de Roraima"
    },
    "https://login.ufrgs.br/idp/shibboleth": {
        "en": "UFRGS - Universidade Federal do Rio Grande do Sul",
        "pt-br": "UFRGS - Universidade Federal do Rio Grande do Sul"
    },
    "https://netsr-cafe03.unioeste.br/idp/shibboleth": {
        "en": "UNIOESTE - Universidade Estadual do Oeste do Parana",
        "pt-br": "UNIOESTE - Universidade Estadual do Oeste do Parana"
    },
    "https://onca.museu-goeldi.br/idp/shibboleth": {
        "en": "MPEG - Museu Paraense Emilio Goeldi",
        "pt-br": "MPEG - Museu Paraense Emilio Goeldi"
    },
    "https://pandora.unifei.edu.br/idp/shibboleth": {
        "en": "UNIFEI - Universidade Federal de Itajuba",
        "pt-br": "UNIFEI - Universidade Federal de Itajuba"
    },
    "https://pct-guama-idp-cafe.fundacaoguama.org.br/idp/shibboleth": {
        "en": "PCT-GUAMA - Fundacao Parque de Ciencia e Tecnologia Guama",
        "pt-br": "PCT-GUAMA - Fundacao Parque de Ciencia e Tecnologia Guama"
    },
    "https://planck.cdtn.br/idp/shibboleth": {
        "en": "CDTN - Centro de Desenvolvimento da Tecnologia Nuclear",
        "pt-br": "CDTN - Centro de Desenvolvimento da Tecnologia Nuclear"
    },
    "https://plv036.mcom.gov.br/idp/shibboleth": {
        "en": "MCOM - Ministerio das Comunicacoes",
        "pt-br": "MCOM - Ministerio das Comunicacoes"
    },
    "https://poa01idp02.pucrs.br/idp/shibboleth": {
        "en": "PUCRS - Pontificia Universidade Catolica do Rio Grande do Sul",
        "pt-br": "PUCRS - Pontificia Universidade Catolica do Rio Grande do Sul"
    },
    "https://prdidm01.mec.gov.br/idp/shibboleth": {
        "en": "MEC - Ministerio da Educacao",
        "pt-br": "MEC - Ministerio da Educacao"
    },
    "https://pro-vm-lcafe-01.fnde.gov.br/idp/shibboleth": {
        "en": "FNDE - Fundo Nacional de Desenvolvimento da Educacao",
        "pt-br": "FNDE - Fundo Nacional de Desenvolvimento da Educacao"
    },
    "https://rcafe02s.inmetro.gov.br/idp/shibboleth": {
        "en": "INMETRO - Instituto Nacional de Metrologia Qualidade e Tecnologia",
        "pt-br": "INMETRO - Instituto Nacional de Metrologia Qualidade e Tecnologia"
    },
    "https://redecafe.enap.gov.br/idp/shibboleth": {
        "en": "ENAP - Escola Nacional de Administracao Publica",
        "pt-br": "ENAP - Escola Nacional de Administracao Publica"
    },
    "https://redecafe.gigacandanga.net.br/idp/shibboleth": {
        "en": "GIGA - Associacao GigaCandanga",
        "pt-br": "GIGA - Associacao GigaCandanga"
    },
    "https://rnp2.unip.br/idp/shibboleth": {
        "en": "UNIP - Universidade Paulista",
        "pt-br": "UNIP - Universidade Paulista"
    },
    "https://rpilot.unipar.br/idp/shibboleth": {
        "en": "UNIPAR - Universidade Paranaense - v5.1.3",
        "pt-br": "UNIPAR - Universidade Paranaense - v5.1.3"
    },
    "https://sede-vz-idp2.ebserh.gov.br/idp/shibboleth": {
        "en": "EBSERH - Empresa Brasileira de Servicos Hospitalares",
        "pt-br": "EBSERH - Empresa Brasileira de Servicos Hospitalares"
    },
    "https://servercafe.iftm.edu.br/idp/shibboleth": {
        "en": "IFTM - Instituto Federal do Triangulo Mineiro",
        "pt-br": "IFTM - Instituto Federal do Triangulo Mineiro"
    },
    "https://shib.unila.edu.br/idp/shibboleth": {
        "en": "UNILA - Universidade Federal da Integracao Latino-Americana",
        "pt-br": "UNILA - Universidade Federal da Integracao Latino-Americana"
    },
    "https://shibboleth.abc.org.br/idp/shibboleth": {
        "en": "ABC - Academia Brasileira de Ciencias",
        "pt-br": "ABC - Academia Brasileira de Ciencias"
    },
    "https://shibboleth.cetem.gov.br/idp/shibboleth": {
        "en": "CETEM - Centro de Tecnologia Mineral",
        "pt-br": "CETEM - Centro de Tecnologia Mineral"
    },
    "https://shibboleth.embrapii.org.br/idp/shibboleth": {
        "en": "EMBRAPII - Empresa Brasileira de Pesquisa e Inovacao Industrial",
        "pt-br": "EMBRAPII - Empresa Brasileira de Pesquisa e Inovacao Industrial"
    },
    "https://shibboleth.faculdadesantacasabh.org.br/idp/shibboleth": {
        "en": "FSCBH - Faculdade Santa Casa BH",
        "pt-br": "FSCBH - Faculdade Santa Casa BH"
    },
    "https://shibboleth.feevale.br/idp/shibboleth": {
        "en": "FEEVALE - Universidade Feevale",
        "pt-br": "FEEVALE - Universidade Feevale"
    },
    "https://shibboleth.ifal.edu.br/idp/shibboleth": {
        "en": "IFAL - Instituto Federal de Alagoas",
        "pt-br": "IFAL - Instituto Federal de Alagoas"
    },
    "https://shibboleth.ifam.edu.br/idp/shibboleth": {
        "en": "IFAM - Instituto Federal do Amazonas",
        "pt-br": "IFAM - Instituto Federal do Amazonas"
    },
    "https://shibboleth.ifbaiano.edu.br/idp/shibboleth": {
        "en": "IFBAIANO - Instituto Federal de Educacao, Ciencia e Tecnologia Baiano",
        "pt-br": "IFBAIANO - Instituto Federal de Educacao, Ciencia e Tecnologia Baiano"
    },
    "https://shibboleth.iffarroupilha.edu.br/idp/shibboleth": {
        "en": "IFFAR - Instituto Federal Farroupilha",
        "pt-br": "IFFAR - Instituto Federal Farroupilha"
    },
    "https://shibboleth.ifpe.edu.br/idp/shibboleth": {
        "en": "IFPE - Instituto Federal de Pernambuco",
        "pt-br": "IFPE - Instituto Federal de Pernambuco"
    },
    "https://shibboleth.ifrn.edu.br/idp/shibboleth": {
        "en": "IFRN - Instituto Federal do Rio Grande do Norte",
        "pt-br": "IFRN - Instituto Federal do Rio Grande do Norte"
    },
    "https://shibboleth.ifsc.edu.br/idp/shibboleth": {
        "en": "IFSC - Instituto Federal de Santa Catarina",
        "pt-br": "IFSC - Instituto Federal de Santa Catarina"
    },
    "https://shibboleth.impa.br/idp/shibboleth": {
        "en": "IMPA - Instituto de Matematica Pura e Aplicada",
        "pt-br": "IMPA - Instituto de Matematica Pura e Aplicada"
    },
    "https://shibboleth.inca.gov.br/idp/shibboleth": {
        "en": "INCA - Instituto Nacional de Cancer",
        "pt-br": "INCA - Instituto Nacional de Cancer"
    },
    "https://shibboleth.ines.gov.br/idp/shibboleth": {
        "en": "INES - Instituto Nacional de Educacao de Surdos",
        "pt-br": "INES - Instituto Nacional de Educacao de Surdos"
    },
    "https://shibboleth.insa.gov.br/idp/shibboleth": {
        "en": "INSA - Instituto Nacional do Semiarido",
        "pt-br": "INSA - Instituto Nacional do Semiarido"
    },
    "https://shibboleth.on.br/idp/shibboleth": {
        "en": "ON - Observatorio Nacional",
        "pt-br": "ON - Observatorio Nacional"
    },
    "https://shibboleth.ufcg.edu.br/idp/shibboleth": {
        "en": "UFCG - Universidade Federal de Campina Grande",
        "pt-br": "UFCG - Universidade Federal de Campina Grande"
    },
    "https://shibboleth.ufersa.edu.br/idp/shibboleth": {
        "en": "UFERSA - UNIVERSIDADE FEDERAL RURAL DO SEMI ARIDO",
        "pt-br": "UFERSA - UNIVERSIDADE FEDERAL RURAL DO SEMI ARIDO"
    },
    "https://shibboleth.ufg.br/idp/shibboleth": {
        "en": "UFG - Universidade Federal de Goias",
        "pt-br": "UFG - Universidade Federal de Goias"
    },
    "https://shibboleth.ufj.edu.br/idp/shibboleth": {
        "en": "UFJ - Universidade Federal de Jatai",
        "pt-br": "UFJ - Universidade Federal de Jatai"
    },
    "https://shibboleth.ufopa.edu.br/idp/shibboleth": {
        "en": "UFOPA - Universidade Federal do Oeste do Para",
        "pt-br": "UFOPA - Universidade Federal do Oeste do Para"
    },
    "https://shibboleth.unb.br/idp/shibboleth": {
        "en": "UNB - Universidade de Brasilia",
        "pt-br": "UNB - Universidade de Brasilia"
    },
    "https://shibboleth.unespar.edu.br/idp/shibboleth": {
        "en": "UNESPAR - Universidade Estadual do Parana",
        "pt-br": "UNESPAR - Universidade Estadual do Parana"
    },
    "https://shibboleth.unifacs.br/idp/shibboleth": {
        "en": "UNIFACS - Universidade Salvador",
        "pt-br": "UNIFACS - Universidade Salvador"
    },
    "https://shibboleth.unifapce.edu.br/idp/shibboleth": {
        "en": "UNIFAPCE - Centro Universitario Paraiso",
        "pt-br": "UNIFAPCE - Centro Universitario Paraiso"
    },
    "https://shibboleth.uninta.edu.br/idp/shibboleth": {
        "en": "UNINTA - Centro Universitario INTA",
        "pt-br": "UNINTA - Centro Universitario INTA"
    },
    "https://shibboleth.uniritter.edu.br/idp/shibboleth": {
        "en": "UNIRITTER - Centro Universitario Ritter dos Reis",
        "pt-br": "UNIRITTER - Centro Universitario Ritter dos Reis"
    },
    "https://shibboleth.unisul.br/idp/shibboleth": {
        "en": "UNISUL - Universidade do Sul de Santa Catarina",
        "pt-br": "UNISUL - Universidade do Sul de Santa Catarina"
    },
    "https://shibboleth.univale.br/idp/shibboleth": {
        "en": "UNIVALE - Universidade Vale do Rio Doce",
        "pt-br": "UNIVALE - Universidade Vale do Rio Doce"
    },
    "https://shibboleth.univap.br/idp/shibboleth": {
        "en": "UNIVAP - Universidade do Vale do Paraiba",
        "pt-br": "UNIVAP - Universidade do Vale do Paraiba"
    },
    "https://shibboleth.unp.br/idp/shibboleth": {
        "en": "UNP - Universidade Potiguar",
        "pt-br": "UNP - Universidade Potiguar"
    },
    "https://shibboleth.usf.edu.br/idp/shibboleth": {
        "en": "USF - Universidade Sao Francisco",
        "pt-br": "USF - Universidade Sao Francisco"
    },
    "https://shibboleth02.uergs.edu.br/idp/shibboleth": {
        "en": "UERGS - Universidade Estadual do Rio Grande do Sul",
        "pt-br": "UERGS - Universidade Estadual do Rio Grande do Sul"
    },
    "https://shibboleth1p.sipam.gov.br/idp/shibboleth": {
        "en": "CENSIPAM - Sistema de Protecao da Amazonia",
        "pt-br": "CENSIPAM - Sistema de Protecao da Amazonia"
    },
    "https://shibboleth2.ifmt.edu.br/idp/shibboleth": {
        "en": "IFMT - Instituto Federal de Mato Grosso",
        "pt-br": "IFMT - Instituto Federal de Mato Grosso"
    },
    "https://shibboleth4.cnpem.br/idp/shibboleth": {
        "en": "CNPEM - Centro Nacional de Pesquisa em Energia e Materiais",
        "pt-br": "CNPEM - Centro Nacional de Pesquisa em Energia e Materiais"
    },
    "https://shibboleth4.ueg.br/idp/shibboleth": {
        "en": "UEG - Universidade Estadual de Goias",
        "pt-br": "UEG - Universidade Estadual de Goias"
    },
    "https://shibboleth4.uem.br/idp/shibboleth": {
        "en": "UEM - Universidade Estadual de Maringa",
        "pt-br": "UEM - Universidade Estadual de Maringa"
    },
    "https://shibboleth4.ufms.br/idp/shibboleth": {
        "en": "UFMS - Fundacao Universidade Federal de Mato Grosso do Sul",
        "pt-br": "UFMS - Fundacao Universidade Federal de Mato Grosso do Sul"
    },
    "https://shibboleth4.utfpr.edu.br/idp/shibboleth": {
        "en": "UTFPR - Universidade Tecnologica Federal do Parana",
        "pt-br": "UTFPR - Universidade Tecnologica Federal do Parana"
    },
    "https://shibboleth6.ufrn.edu.br/idp/shibboleth": {
        "en": "UFRN - Universidade Federal do Rio Grande do Norte",
        "pt-br": "UFRN - Universidade Federal do Rio Grande do Norte"
    },
    "https://shibv4.unilab.edu.br/idp/shibboleth": {
        "en": "UNILAB - Univ. da Integracao Int. da Lusofonia Afro-Brasileira",
        "pt-br": "UNILAB - Univ. da Integracao Int. da Lusofonia Afro-Brasileira"
    },
    "https://siaiap61.univali.br/idp/shibboleth": {
        "en": "UNIVALI - Universidade do Vale do Itajai",
        "pt-br": "UNIVALI - Universidade do Vale do Itajai"
    },
    "https://sistema-rnp.rdc.puc-rio.br/idp/shibboleth": {
        "en": "PUC-RIO - Pontificia Universidade Catolica do Rio de Janeiro",
        "pt-br": "PUC-RIO - Pontificia Universidade Catolica do Rio de Janeiro"
    },
    "https://slm00-shibboleth.slmandic.edu.br/idp/shibboleth": {
        "en": "SLM - Sao Leopoldo Mandic",
        "pt-br": "SLM - Sao Leopoldo Mandic"
    },
    "https://srv-ems-cafe.emescam.br/idp/shibboleth": {
        "en": "EMESCAM - Escola Superior de Ciencias da Santa Casa de Misericordia de Vitoria",
        "pt-br": "EMESCAM - Escola Superior de Ciencias da Santa Casa de Misericordia de Vitoria"
    },
    "https://srv-idp-shib421.uefs.br/idp/shibboleth": {
        "en": "UEFS - Universidade Estadual de Feira de Santana",
        "pt-br": "UEFS - Universidade Estadual de Feira de Santana"
    },
    "https://srv-idp.fepecs.edu.br/idp/shibboleth": {
        "en": "FEPECS - Fundacao de Ensino e Pesquisa em Ciencias da Saude",
        "pt-br": "FEPECS - Fundacao de Ensino e Pesquisa em Ciencias da Saude"
    },
    "https://srvcafe.cgee.org.br/idp/shibboleth": {
        "en": "CGEE - Centro de Gestao e Estudos Estrategicos",
        "pt-br": "CGEE - Centro de Gestao e Estudos Estrategicos"
    },
    "https://srvcafe.uniso.br/idp/shibboleth": {
        "en": "UNISO - Universidade de Sorocaba",
        "pt-br": "UNISO - Universidade de Sorocaba"
    },
    "https://srvpidpcafe.veigadealmeida.edu.br/idp/shibboleth": {
        "en": "UVA - Universidade Veiga de Almeida",
        "pt-br": "UVA - Universidade Veiga de Almeida"
    },
    "https://sso-rnp.insper.edu.br/idp/shibboleth": {
        "en": "INSPER - Instituto de Ensino e Pesquisa",
        "pt-br": "INSPER - Instituto de Ensino e Pesquisa"
    },
    "https://sso.uft.edu.br/idp/shibboleth": {
        "en": "UFT - Universidade Federal do Tocantins",
        "pt-br": "UFT - Universidade Federal do Tocantins"
    },
    "https://st1-rnp-01.fundacaowilsonpicler.org.br/idp/shibboleth": {
        "en": "FWP - Fundacao Wilson Picler",
        "pt-br": "FWP - Fundacao Wilson Picler"
    },
    "https://svlapshibboleth.aeb.gov.br/idp/shibboleth": {
        "en": "AEB - Agencia Espacial Brasileira",
        "pt-br": "AEB - Agencia Espacial Brasileira"
    },
    "https://svr-cafe.unaerp.br/idp/shibboleth": {
        "en": "UNAERP - Associacao de Ensino de Ribeirao Preto",
        "pt-br": "UNAERP - Associacao de Ensino de Ribeirao Preto"
    },
    "https://vm-cafe.feesc.org.br/idp/shibboleth": {
        "en": "FEESC - Fundacao de Ensino e Engenharia de Santa Catarina",
        "pt-br": "FEESC - Fundacao de Ensino e Engenharia de Santa Catarina"
    },
    "https://vmshib64.ufrpe.br/idp/shibboleth": {
        "en": "UFRPE - Universidade Federal Rural de Pernambuco",
        "pt-br": "UFRPE - Universidade Federal Rural de Pernambuco"
    }
}